timestamp,handshake_num,status,handshake_cycles
1777311293,1,success,52128664
1777311294,2,success,72442928
1777311295,3,success,70343278
1777311296,4,success,71905790
1777311297,5,success,71755694
1777311298,6,success,75224542
1777311299,7,success,71686110
1777311301,8,success,70671912
1777311302,9,success,72549390
1777311303,10,success,71453022
1777311304,11,success,93349800
1777311305,12,success,92247036
1777311306,13,success,74432740
1777311307,14,success,93618970
1777311308,15,success,94210960
1777311309,16,success,95230274
1777311310,17,success,922759702
1777311311,18,success,1161423744
1777311313,19,success,1863034728
1777311314,20,success,861148416
1777311316,21,success,1986123858
1777311318,22,success,1939013548
1777311319,23,success,2013417094
1777311321,24,success,1742955572
1777311322,25,success,1410853582
1777311324,26,success,1123103212
1777311325,27,success,75480288
1777311326,28,success,99594998
1777311327,29,success,94113522
1777311328,30,success,72987614
1777311329,31,success,93165228
1777311330,32,success,93783382
1777311331,33,success,90955752
1777311332,34,success,92415984
1777311333,35,success,91939576
1777311334,36,success,90390210
1777311335,37,success,98978530
1777311336,38,success,89951948
1777311337,39,success,66932310
1777311338,40,success,72508566
1777311339,41,success,73485320
