timestamp,total_connections,active_connections,successful_handshakes,failed_handshakes,avg_handshake_cycles
1777451831,0,0,0,0,0
1777451832,0,0,0,0,0
1777451833,0,0,0,0,0
1777451834,0,0,0,0,0
1777451835,0,0,0,0,0
1777451836,0,0,0,0,0
1777451837,0,0,0,0,0
1777451838,0,0,0,0,0
1777451839,0,0,0,0,0
1777451840,0,0,0,0,0
1777451841,0,0,0,0,0
1777451842,0,0,0,0,0
1777451843,0,0,0,0,0
1777451844,0,0,0,0,0
1777451845,0,0,0,0,0
1777451846,0,0,0,0,0
1777451847,0,0,0,0,0
1777451848,0,0,0,0,0
1777451849,0,0,0,0,0
1777451850,0,0,0,0,0
1777451851,0,0,0,0,0
1777451852,0,0,0,0,0
1777451853,0,0,0,0,0
1777451854,0,0,0,0,0
1777451855,0,0,0,0,0
1777451856,0,0,0,0,0
1777451857,0,0,0,0,0
1777451858,0,0,0,0,0
1777451859,0,0,0,0,0
1777451860,0,0,0,0,0
1777451861,0,0,0,0,0
1777451862,0,0,0,0,0
1777451863,0,0,0,0,0
1777451864,0,0,0,0,0
1777451865,0,0,0,0,0
1777451866,0,0,0,0,0
1777451867,0,0,0,0,0
1777451868,0,0,0,0,0
1777451869,1,0,1,0,8042178
1777451870,2,0,2,0,8958297
1777451871,3,0,3,0,9233805
1777451872,4,0,4,0,9319023
1777451873,5,0,5,0,9393193
1777451874,6,0,6,0,9352227
1777451875,7,0,7,0,9556590
1777451876,8,0,8,0,9594191
1777451877,9,0,9,0,9548827
1777451878,10,0,10,0,9519083
1777451879,11,0,11,0,9573583
1777451880,12,0,12,0,9631216
1777451881,13,0,13,0,9785387
1777451882,14,0,14,0,9758472
1777451883,15,0,15,0,9725297
1777451884,16,0,16,0,9739765
1777451885,2751,0,17,2734,9498412
1777451886,3864,0,18,3846,9518867
1777451887,3865,0,19,3846,9587331
1777451888,4020,0,20,4000,9590007
1777451889,4021,0,21,4000,9582414
1777451890,4022,0,22,4000,9587459
1777451891,4023,0,23,4000,10329225
1777451892,4024,0,24,4000,10289445
1777451893,4025,0,25,4000,10288231
1777451894,4026,0,26,4000,10304981
1777451895,4027,0,27,4000,10279101
1777451896,4028,0,28,4000,10192362
1777451897,4029,0,29,4000,10130479
1777451898,4030,0,30,4000,10127170
1777451899,4031,0,31,4000,10058740
1777451900,4032,0,32,4000,10061259
1777451901,4033,0,33,4000,10054680
1777451902,4034,0,34,4000,9988450
1777451903,4035,0,35,4000,10000598
1777451904,4036,0,36,4000,10037218
1777451905,4037,0,37,4000,10013464
1777451906,4038,0,38,4000,10036535
1777451907,4039,0,39,4000,10025457
1777451908,4040,0,40,4000,9964542
1777451909,4041,0,41,4000,9990569
1777451910,4042,0,42,4000,10001916
1777451911,4043,0,43,4000,10010840
1777451912,4044,0,44,4000,9994836
1777451913,4045,0,45,4000,10008817
1777451914,4046,0,46,4000,10015443
1777451915,4046,0,46,4000,10015443
1777451916,4046,0,46,4000,10015443
1777451917,4046,0,46,4000,10015443
1777451918,4046,0,46,4000,10015443
1777451919,4046,0,46,4000,10015443
1777451920,4046,0,46,4000,10015443
1777451921,4046,0,46,4000,10015443
1777451922,4046,0,46,4000,10015443
1777451923,4046,0,46,4000,10015443
1777451924,4046,0,46,4000,10015443
1777451925,4046,0,46,4000,10015443
1777451926,4046,0,46,4000,10015443
1777451927,4046,0,46,4000,10015443
1777451928,4046,0,46,4000,10015443
1777451929,4046,0,46,4000,10015443
1777451930,4046,0,46,4000,10015443
1777451931,4046,0,46,4000,10015443
1777451932,4046,0,46,4000,10015443
1777451933,4046,0,46,4000,10015443
1777451934,4046,0,46,4000,10015443
1777451935,4046,0,46,4000,10015443
1777451936,4046,0,46,4000,10015443
1777451937,4046,0,46,4000,10015443
1777451938,4046,0,46,4000,10015443
1777451939,4046,0,46,4000,10015443
1777451940,4046,0,46,4000,10015443
1777451941,4046,0,46,4000,10015443
1777451942,4046,0,46,4000,10015443
1777451943,4046,0,46,4000,10015443
1777451944,4046,0,46,4000,10015443
1777451945,4046,0,46,4000,10015443
1777451946,4046,0,46,4000,10015443
1777451947,4046,0,46,4000,10015443
1777451948,4046,0,46,4000,10015443
1777451949,4046,0,46,4000,10015443
1777451950,4046,0,46,4000,10015443
1777451951,4046,0,46,4000,10015443
1777451952,4046,0,46,4000,10015443
1777451953,4046,0,46,4000,10015443
1777451954,4046,0,46,4000,10015443
1777451955,4046,0,46,4000,10015443
1777451956,4046,0,46,4000,10015443
1777451957,4046,0,46,4000,10015443
1777451958,4046,0,46,4000,10015443
1777451959,4046,0,46,4000,10015443
1777451960,4046,0,46,4000,10015443
1777451961,4046,0,46,4000,10015443
1777451962,4046,0,46,4000,10015443
1777451963,4046,0,46,4000,10015443
1777451964,4046,0,46,4000,10015443
1777451965,4046,0,46,4000,10015443
1777451966,4046,0,46,4000,10015443
1777451967,4046,0,46,4000,10015443
1777451968,4046,0,46,4000,10015443
1777451969,4046,0,46,4000,10015443
1777451970,4046,0,46,4000,10015443
1777451971,4046,0,46,4000,10015443
1777451972,4046,0,46,4000,10015443
1777451973,4046,0,46,4000,10015443
1777451974,4046,0,46,4000,10015443
1777451975,4046,0,46,4000,10015443
1777451976,4046,0,46,4000,10015443
1777451977,4046,0,46,4000,10015443
1777451978,4046,0,46,4000,10015443
1777451979,4046,0,46,4000,10015443
1777451980,4046,0,46,4000,10015443
1777451981,4046,0,46,4000,10015443
1777451982,4046,0,46,4000,10015443
1777451983,4046,0,46,4000,10015443
1777451984,4046,0,46,4000,10015443
1777451985,4046,0,46,4000,10015443
1777451986,4046,0,46,4000,10015443
1777451987,4046,0,46,4000,10015443
1777451988,4046,0,46,4000,10015443
1777451989,4046,0,46,4000,10015443
1777451990,4046,0,46,4000,10015443
1777451991,4046,0,46,4000,10015443
